{
    "loss": 0.22484230995178223,
    "accuracy": 0.9791666865348816
}