{
    "loss": 0.0803333967924118,
    "accuracy": 0.9791666865348816
}